function, pmse, mse, time
sigmoid,702.3895452,162.50543,1.841890097
relu,1468.112175,384.50964,1.855354786
softmax,681.6786326,145.84775,47.73494697
elu,57.45691923,14.939492,1.627972126
selu,82.20234867,20.884018,3.27961278
exp,6467.550693,1829.4617,1.358395338
tanh,524.0060794,110.6227,2.516829967
go,26.05082047,8.267306,1.81810379
dss (inconsistent),332.3322088,72.544365,5.820497751